step,train_loss,train_acc,test_acc,lambda_H,lambda_A,grad_norm
0,2.193711757659912,0.20907999575138092,0.20099999010562897,16.136638641357422,490865.9375,1.6242934465408325
1,2.1024813652038574,0.2547599971294403,0.24799999594688416,,,0.9485582113265991
2,2.041856527328491,0.2857999801635742,0.2807999849319458,,,0.6843739151954651
3,1.995721459388733,0.30517998337745667,0.29989999532699585,,,0.5653486251831055
4,1.9583516120910645,0.31793999671936035,0.31619998812675476,,,0.48200657963752747
5,1.927402377128601,0.3303599953651428,0.32899999618530273,11.622298240661621,62255.15625,0.4222458302974701
6,1.9015542268753052,0.34109997749328613,0.33640000224113464,,,0.38356512784957886
7,1.8807110786437988,0.34953999519348145,0.343999981880188,,,0.3480169177055359
8,1.8652124404907227,0.3563399910926819,0.35089999437332153,,,0.3101041316986084
9,1.853684425354004,0.36125999689102173,0.35349997878074646,,,0.2847425639629364
10,1.8423385620117188,0.36531999707221985,0.3579999804496765,12.661375045776367,59914.421875,0.29134300351142883
11,1.828526258468628,0.3705799877643585,0.3658999800682068,,,0.30553656816482544
12,1.8136115074157715,0.3757999837398529,0.37219998240470886,,,0.28910109400749207
13,1.8001421689987183,0.3804999887943268,0.3774999976158142,,,0.2534872889518738
14,1.788834810256958,0.38453999161720276,0.3805999755859375,,,0.22864966094493866
15,1.7789716720581055,0.38961997628211975,0.3856000006198883,14.680930137634277,66295.578125,0.22070983052253723
16,1.769629716873169,0.39433997869491577,0.38769999146461487,,,0.2216375321149826
17,1.7602055072784424,0.3984600007534027,0.39159998297691345,,,0.22187991440296173
18,1.7505470514297485,0.40261998772621155,0.3962000012397766,,,0.2163817286491394
19,1.740678071975708,0.40557998418807983,0.3991999924182892,,,0.2130797952413559
20,1.7311731576919556,0.4086399972438812,0.4027999937534332,17.278759002685547,81910.875,0.2041873335838318
21,1.7221506834030151,0.41176000237464905,0.4034000039100647,,,0.19876761734485626
22,1.7132537364959717,0.4145199954509735,0.4074999988079071,,,0.1990116983652115
23,1.7046838998794556,0.4179999828338623,0.41040000319480896,,,0.18762867152690887
24,1.6960490942001343,0.42179998755455017,0.41359999775886536,,,0.19037459790706635
25,1.6877800226211548,0.4246799945831299,0.4156999886035919,21.10541343688965,100018.0703125,0.17587633430957794
26,1.679948329925537,0.42734000086784363,0.4186999797821045,,,0.16957272589206696
27,1.6719156503677368,0.4290199875831604,0.4204999804496765,,,0.17569716274738312
28,1.6636874675750732,0.4324999749660492,0.42069998383522034,,,0.17355184257030487
29,1.6558209657669067,0.43581998348236084,0.423799991607666,,,0.16116169095039368
30,1.6484416723251343,0.43741998076438904,0.42649999260902405,24.685884475708008,117963.28125,0.15495137870311737
31,1.6410884857177734,0.4391999840736389,0.4258999824523926,,,0.16104742884635925
32,1.6337230205535889,0.4421599805355072,0.4274999797344208,,,0.1586167812347412
33,1.626441240310669,0.4447000026702881,0.4300999939441681,,,0.1534806787967682
34,1.619267225265503,0.44764000177383423,0.4311999976634979,,,0.14868152141571045
35,1.6120487451553345,0.4499399960041046,0.43209999799728394,27.7453670501709,134397.671875,0.14969833195209503
36,1.6049708127975464,0.45284000039100647,0.4325999915599823,,,0.14132696390151978
37,1.598146915435791,0.45565998554229736,0.4333999752998352,,,0.13872911036014557
38,1.5915675163269043,0.4578999876976013,0.4351999759674072,,,0.13266074657440186
39,1.5848864316940308,0.46021997928619385,0.4375,,,0.1399593949317932
40,1.5782300233840942,0.4619999825954437,0.438400000333786,32.38405990600586,161512.796875,0.13560126721858978
41,1.5716584920883179,0.46383997797966003,0.4389999806880951,,,0.12933574616909027
42,1.5649387836456299,0.46595999598503113,0.43709999322891235,,,0.13662871718406677
43,1.5581661462783813,0.4686200022697449,0.4382999837398529,,,0.13155746459960938
44,1.5514289140701294,0.47143998742103577,0.4414999783039093,,,0.12606267631053925
45,1.5446354150772095,0.47325998544692993,0.44200000166893005,38.26606369018555,194181.6875,0.12790685892105103
46,1.5378062725067139,0.47652000188827515,0.4438000023365021,,,0.12671591341495514
47,1.5310332775115967,0.4784199893474579,0.444599986076355,,,0.11920180171728134
48,1.5242228507995605,0.4809199869632721,0.44689998030662537,,,0.12075045704841614
49,1.5174232721328735,0.4840199947357178,0.4479999840259552,,,0.12411494553089142
50,1.510744571685791,0.4859599769115448,0.4486999809741974,45.74949645996094,233444.21875,0.127995103597641
51,1.5043411254882812,0.488459974527359,0.44909998774528503,,,0.15425418317317963
52,1.49951171875,0.48921999335289,0.4509999752044678,,,0.24845655262470245
53,1.4996929168701172,0.4903799891471863,0.4493999779224396,,,0.5055682063102722
54,1.4936177730560303,0.49181997776031494,0.4510999917984009,,,0.9038995504379272
55,1.4798845052719116,0.4967799782752991,0.4537999927997589,47.055274963378906,137204.8125,0.9739466905593872
56,1.4761972427368164,0.49893999099731445,0.45339998602867126,,,0.33656391501426697
57,1.4731899499893188,0.5,0.4545999765396118,,,0.5630517601966858
58,1.4621769189834595,0.503600001335144,0.45639997720718384,,,0.8024351000785828
59,1.459041714668274,0.5057199597358704,0.457099974155426,,,0.23065760731697083
60,1.4538668394088745,0.5069999694824219,0.4596000015735626,59.7852668762207,148148.625,0.5548457503318787
61,1.4450260400772095,0.5101400017738342,0.45979997515678406,,,0.6236211061477661
62,1.4420886039733887,0.5118199586868286,0.4585999846458435,,,0.11619164794683456
63,1.4356027841567993,0.5136399865150452,0.4611999988555908,,,0.5576396584510803
64,1.4283664226531982,0.517579972743988,0.46209999918937683,,,0.4787794053554535
65,1.4247403144836426,0.518779993057251,0.4615999758243561,61.48637771606445,146661.296875,0.15173938870429993
66,1.4184571504592896,0.5208399891853333,0.46219998598098755,,,0.5085031390190125
67,1.41163170337677,0.5239599943161011,0.46379998326301575,,,0.4463595151901245
68,1.4070265293121338,0.5257200002670288,0.4615999758243561,,,0.1656881719827652
69,1.4015707969665527,0.5277400016784668,0.46320000290870667,,,0.40858039259910583
70,1.3952118158340454,0.5299199819564819,0.46299999952316284,71.9166259765625,161963.765625,0.464498907327652
71,1.389379858970642,0.5319799780845642,0.46140000224113464,,,0.31505832076072693
72,1.3838915824890137,0.5334199666976929,0.4635999798774719,,,0.26867684721946716
73,1.3783475160598755,0.5357599854469299,0.46289998292922974,,,0.35066714882850647
74,1.3729130029678345,0.5376799702644348,0.4625999927520752,,,0.40394192934036255
75,1.3675545454025269,0.5394600033760071,0.46549999713897705,81.4973373413086,177143.5625,0.4513023793697357
76,1.361127495765686,0.5415399670600891,0.462799996137619,,,0.4740837812423706
77,1.3545045852661133,0.5441399812698364,0.4659999907016754,,,0.3857342600822449
78,1.3486509323120117,0.5466600060462952,0.46539998054504395,,,0.20449043810367584
79,1.3433136940002441,0.5472999811172485,0.4648999869823456,,,0.1836330145597458
80,1.3377139568328857,0.5501599907875061,0.4675999879837036,94.4169921875,204666.046875,0.3123360872268677
81,1.3318395614624023,0.551859974861145,0.46469998359680176,,,0.3677554130554199
82,1.3268940448760986,0.5532999634742737,0.46629998087882996,,,0.40324684977531433
83,1.3252754211425781,0.5535599589347839,0.46309998631477356,,,0.600175678730011
84,1.3333373069763184,0.5523999929428101,0.4643999934196472,,,1.1520966291427612
85,1.3271876573562622,0.5538600087165833,0.46299999952316284,119.83770751953125,197620.203125,1.8952460289001465
86,1.307350754737854,0.5605599880218506,0.4667999744415283,,,2.038527727127075
87,1.30262291431427,0.5619999766349792,0.4673999845981598,,,0.877284049987793
88,1.3060380220413208,0.5615999698638916,0.4650999903678894,,,0.9086357951164246
89,1.2912884950637817,0.5666800141334534,0.46779999136924744,,,1.6563987731933594
90,1.288573145866394,0.5676800012588501,0.4675999879837036,99.32215881347656,163252.40625,0.7185989022254944
91,1.286269187927246,0.5696200132369995,0.46399998664855957,,,0.9550105333328247
92,1.2749412059783936,0.5725199580192566,0.4672999978065491,,,1.2662838697433472
93,1.274844765663147,0.5721399784088135,0.46879997849464417,,,0.3710722327232361
94,1.2668222188949585,0.5759599804878235,0.4664999842643738,,,1.0414619445800781
95,1.2614413499832153,0.577239990234375,0.4657999873161316,115.66409301757812,176320.484375,0.7424028515815735
96,1.2587097883224487,0.5781399607658386,0.46789997816085815,,,0.5773433446884155
97,1.250121831893921,0.5816400051116943,0.46719998121261597,,,0.8987751603126526
98,1.2480632066726685,0.581779956817627,0.46559998393058777,,,0.29397052526474
99,1.2421692609786987,0.5841999650001526,0.46889999508857727,,,0.7770355939865112
100,1.2356295585632324,0.5863199830055237,0.46799999475479126,125.71597290039062,195663.4375,0.684103786945343
101,1.2334593534469604,0.5866199731826782,0.4643999934196472,,,0.33742979168891907
102,1.2262362241744995,0.5893799662590027,0.468999981880188,,,0.785071849822998
103,1.221413016319275,0.5920400023460388,0.47049999237060547,,,0.46448972821235657
104,1.2183825969696045,0.5917800068855286,0.4659999907016754,,,0.5135294795036316
105,1.2117762565612793,0.5957399606704712,0.46799999475479126,134.03880310058594,194972.703125,0.8385341763496399
106,1.2087457180023193,0.5945000052452087,0.4667999744415283,,,0.6104813814163208
107,1.207425832748413,0.5967400074005127,0.46619999408721924,,,0.8323465585708618
108,1.2017430067062378,0.5973199605941772,0.4650999903678894,,,1.1460331678390503
109,1.1989699602127075,0.5998799800872803,0.4684999883174896,,,1.2054163217544556
110,1.1915818452835083,0.6014400124549866,0.46539998054504395,163.71893310546875,190990.8125,1.4247888326644897
111,1.1832515001296997,0.6045199632644653,0.46949997544288635,,,1.2152620553970337
112,1.180685043334961,0.604479968547821,0.46639999747276306,,,0.5988175272941589
113,1.1761870384216309,0.6063199639320374,0.46369999647140503,,,0.8686910271644592
114,1.1708635091781616,0.6087799668312073,0.4696999788284302,,,0.9350979328155518
115,1.1686681509017944,0.6086199879646301,0.46480000019073486,171.43704223632812,189923.71875,0.8505977392196655
116,1.1632939577102661,0.6102399826049805,0.46619999408721924,,,1.1024479866027832
117,1.1575218439102173,0.6134799718856812,0.4652999937534332,,,0.9895771741867065
118,1.1539663076400757,0.6138799786567688,0.4666000008583069,,,0.9085671901702881
119,1.1464673280715942,0.6165399551391602,0.46629998087882996,,,0.9582181572914124
120,1.1425857543945312,0.6189000010490417,0.46549999713897705,179.47451782226562,193288.0,0.4520527124404907
121,1.1396746635437012,0.6192399859428406,0.46559998393058777,,,0.5662311911582947
122,1.1341396570205688,0.6212599873542786,0.4658999741077423,,,0.8783984184265137
123,1.1323755979537964,0.6218400001525879,0.46639999747276306,,,0.8445367813110352
124,1.129730224609375,0.6229599714279175,0.4626999795436859,,,1.1553115844726562
125,1.1292345523834229,0.6230799555778503,0.4652999937534332,174.24893188476562,175299.140625,1.4927990436553955
126,1.129789113998413,0.623479962348938,0.46059998869895935,,,1.8515920639038086
127,1.1268813610076904,0.6236000061035156,0.46449998021125793,,,2.3707897663116455
128,1.1104178428649902,0.6303799748420715,0.4626999795436859,,,2.3159968852996826
129,1.106410264968872,0.6317600011825562,0.46289998292922974,,,1.1818808317184448
130,1.1072741746902466,0.6301999688148499,0.46449998021125793,182.4716033935547,175902.203125,0.9962116479873657
131,1.1027809381484985,0.6327399611473083,0.45989999175071716,,,1.7499454021453857
132,1.0948413610458374,0.6358000040054321,0.46369999647140503,,,1.7371188402175903
133,1.0883989334106445,0.6376599669456482,0.4635999798774719,,,1.0378391742706299
134,1.0899626016616821,0.6375199556350708,0.4583999812602997,,,0.7364658713340759
135,1.0846092700958252,0.6397199630737305,0.4635999798774719,192.82467651367188,180300.90625,1.552752137184143
136,1.0763580799102783,0.6423799991607666,0.461899995803833,,,1.3563300371170044
137,1.0753004550933838,0.6425600051879883,0.45899999141693115,,,0.6118435263633728
138,1.072603702545166,0.6444999575614929,0.4617999792098999,,,1.1230220794677734
139,1.0674185752868652,0.6451799869537354,0.460999995470047,,,1.3541359901428223
140,1.0617754459381104,0.6471799612045288,0.46309998631477356,221.90509033203125,199614.953125,1.1943624019622803
141,1.0572609901428223,0.6489599943161011,0.46230000257492065,,,0.8259871006011963
142,1.0564680099487305,0.6491400003433228,0.45829999446868896,,,0.7550345659255981
143,1.0536301136016846,0.6495599746704102,0.46289998292922974,,,1.3698959350585938
144,1.0488590002059937,0.6519599556922913,0.45799997448921204,,,1.5199482440948486
145,1.047911286354065,0.651919960975647,0.45879998803138733,224.85240173339844,182646.890625,1.424161672592163
146,1.0447719097137451,0.6525399684906006,0.4575999975204468,,,1.657688021659851
147,1.0413751602172852,0.6539799571037292,0.4575999975204468,,,1.8190604448318481
148,1.0341415405273438,0.6564799547195435,0.45409998297691345,,,1.781417965888977
149,1.0275492668151855,0.6599799990653992,0.45829999446868896,,,1.2947330474853516
150,1.0263675451278687,0.6593799591064453,0.4578000009059906,247.93612670898438,175806.390625,0.7885164022445679
151,1.0234562158584595,0.6606599688529968,0.4535999894142151,,,1.2398278713226318
152,1.018556833267212,0.6626200079917908,0.45579999685287476,,,1.3688184022903442
153,1.0132008790969849,0.6649399995803833,0.4560999870300293,,,1.1105467081069946
154,1.0091577768325806,0.6662399768829346,0.45509999990463257,,,0.7741793990135193
155,1.0079270601272583,0.6660199761390686,0.45489999651908875,274.24310302734375,199450.59375,0.8119361996650696
156,1.004804253578186,0.6670199632644653,0.45350000262260437,,,1.1966887712478638
157,0.9989638328552246,0.6693399548530579,0.45339998602867126,,,1.1935288906097412
158,0.9954017400741577,0.6713399887084961,0.4537999927997589,,,0.9024442434310913
159,0.9949168562889099,0.6703199744224548,0.4496999979019165,,,1.003562569618225
160,0.9974250793457031,0.6702799797058105,0.4536999762058258,268.6015625,187120.375,1.5831210613250732
161,1.0007323026657104,0.6687999963760376,0.4503999948501587,,,2.2841506004333496
162,1.0215344429016113,0.6612199544906616,0.44909998774528503,,,3.2998650074005127
163,1.0120024681091309,0.6636199951171875,0.44859999418258667,,,4.592577934265137
164,0.9870351552963257,0.6741799712181091,0.4527999758720398,,,4.630107402801514
165,0.9803279638290405,0.6761199831962585,0.4511999785900116,266.2174072265625,168880.578125,2.4570021629333496
166,0.9912689924240112,0.671180009841919,0.44849997758865356,,,2.0293078422546387
167,0.9776822924613953,0.678380012512207,0.4509999752044678,,,3.6519548892974854
168,0.9697676301002502,0.6806399822235107,0.4494999945163727,,,2.2757480144500732
169,0.9805957674980164,0.6755799651145935,0.44529998302459717,,,1.8529011011123657
170,0.9612286686897278,0.6842600107192993,0.45069998502731323,253.5184326171875,153787.40625,3.343184471130371
171,0.9641713500022888,0.6831200122833252,0.4496999979019165,,,1.3064491748809814
172,0.9619907140731812,0.6843400001525879,0.44509997963905334,,,2.1564993858337402
173,0.9499664306640625,0.6885799765586853,0.45069998502731323,,,2.3132550716400146
174,0.95538330078125,0.6868399977684021,0.44999998807907104,,,0.7827193140983582
175,0.9448673725128174,0.6896799802780151,0.4479999840259552,286.6106262207031,166205.96875,2.119074583053589
176,0.9463879466056824,0.6904799938201904,0.447299987077713,,,0.9285919666290283
177,0.9434912204742432,0.6909599900245667,0.4487999975681305,,,1.8010051250457764
178,0.9370201826095581,0.6927399635314941,0.44859999418258667,,,1.754845142364502
179,0.9371817111968994,0.6929399967193604,0.44589999318122864,,,0.9647559523582458
180,0.9331836104393005,0.6938999891281128,0.4465999901294708,288.2294921875,179230.6875,1.7479606866836548
181,0.9282402396202087,0.6963199973106384,0.448199987411499,,,1.3923616409301758
182,0.928774893283844,0.6964600086212158,0.44739997386932373,,,1.0199257135391235
183,0.9233904480934143,0.6976400017738342,0.4453999996185303,,,1.6665456295013428
184,0.9188619256019592,0.6996399760246277,0.4461999833583832,,,1.1369303464889526
185,0.9191969633102417,0.6990799903869629,0.44679999351501465,322.43408203125,184617.9375,0.8600949048995972
186,0.9126338362693787,0.7011599540710449,0.447299987077713,,,1.486595630645752
187,0.9110875129699707,0.7019000053405762,0.4447999894618988,,,0.7437719702720642
188,0.9085121750831604,0.7023800015449524,0.446399986743927,,,0.9865444898605347
189,0.904804527759552,0.704039990901947,0.4453999996185303,,,1.1653478145599365
190,0.9020795822143555,0.7052800059318542,0.4448999762535095,331.7029724121094,198855.703125,0.9529333114624023
191,0.8992724418640137,0.7059800028800964,0.44519999623298645,,,0.9285068511962891
192,0.8974881172180176,0.7071399688720703,0.44429999589920044,,,1.0590245723724365
193,0.8936909437179565,0.7086799740791321,0.444599986076355,,,1.2473706007003784
194,0.8925736546516418,0.7075600028038025,0.44110000133514404,,,1.0998406410217285
195,0.8925563097000122,0.7084999680519104,0.44359999895095825,336.6156005859375,197542.796875,1.5540519952774048
196,0.8902239799499512,0.7080599665641785,0.4424999952316284,,,1.9658533334732056
197,0.8875414729118347,0.710379958152771,0.44189998507499695,,,2.0628559589385986
198,0.8816601037979126,0.7122600078582764,0.444599986076355,,,2.02618408203125
199,0.8764082789421082,0.7143599987030029,0.44339999556541443,,,1.5725047588348389
200,0.8742468953132629,0.7149199843406677,0.44339999556541443,370.1346130371094,209613.9375,1.0498019456863403
201,0.8761721849441528,0.7134999632835388,0.4421999752521515,,,1.2946572303771973
202,0.8797577619552612,0.7113400101661682,0.4412999749183655,,,2.1511826515197754
203,0.8823838233947754,0.7088399529457092,0.44029998779296875,,,2.975536346435547
204,0.88031405210495,0.7095400094985962,0.43959999084472656,,,3.53666615486145
205,0.873069167137146,0.7133600115776062,0.44209998846054077,374.0587158203125,176634.78125,3.600856304168701
206,0.8653653860092163,0.7172399759292603,0.43959999084472656,,,2.9670488834381104
207,0.8620993494987488,0.718559980392456,0.44020000100135803,,,2.4168543815612793
208,0.8590641617774963,0.7192400097846985,0.4406999945640564,,,2.374720811843872
209,0.8553765416145325,0.7216999530792236,0.44189998507499695,,,2.2761032581329346
210,0.8521297574043274,0.7226600050926208,0.4424999952316284,388.0254821777344,171023.09375,1.9770430326461792
211,0.8503293991088867,0.7238199710845947,0.44119998812675476,,,1.94187593460083
212,0.8483219742774963,0.72461998462677,0.4423999786376953,,,2.205349922180176
213,0.8435986638069153,0.7260800004005432,0.4423999786376953,,,2.07379150390625
214,0.8390898704528809,0.7275999784469604,0.4415999948978424,,,1.6035305261611938
215,0.8396835327148438,0.7275199890136719,0.44029998779296875,419.01568603515625,183586.140625,1.48602294921875
216,0.8353137373924255,0.7287200093269348,0.44269999861717224,,,1.8514670133590698
217,0.829786479473114,0.7317399978637695,0.44339999556541443,,,1.4385639429092407
218,0.8320520520210266,0.7307999730110168,0.4390999972820282,,,1.0138733386993408
219,0.8286552429199219,0.7311399579048157,0.44269999861717224,,,1.876095175743103
220,0.8231012225151062,0.7338799834251404,0.4407999813556671,449.042236328125,199089.65625,1.7439438104629517
221,0.8237320184707642,0.733299970626831,0.44039997458457947,,,1.229016900062561
222,0.8223674297332764,0.7348999977111816,0.43869999051094055,,,1.8284133672714233
223,0.8195740580558777,0.7351399660110474,0.4412999749183655,,,2.1782479286193848
224,0.8184075951576233,0.7353000044822693,0.43789997696876526,,,2.1439826488494873
225,0.8217054009437561,0.7323399782180786,0.44099998474121094,437.28118896484375,188850.234375,2.4866504669189453
226,0.8206673264503479,0.7327399849891663,0.43879997730255127,,,3.1463258266448975
227,0.8211818933486938,0.7339800000190735,0.4404999911785126,,,3.5498883724212646
228,0.8159938454627991,0.7356799840927124,0.43879997730255127,,,3.7284960746765137
229,0.8065998554229736,0.7401999831199646,0.4407999813556671,,,3.4518086910247803
230,0.7988447546958923,0.7427600026130676,0.44029998779296875,440.9515380859375,175261.609375,2.291645050048828
231,0.7999016642570496,0.7418799996376038,0.43939998745918274,,,1.003441572189331
232,0.8022259473800659,0.7411800026893616,0.44020000100135803,,,1.9748417139053345
233,0.7991079688072205,0.7421199679374695,0.4391999840736389,,,2.788325309753418
234,0.7920507192611694,0.7446199655532837,0.4400999844074249,,,2.6936378479003906
235,0.7863703966140747,0.7477799654006958,0.4388999938964844,452.4732360839844,187612.53125,1.6819051504135132
236,0.7878953218460083,0.7462799549102783,0.43949997425079346,,,0.6947349309921265
237,0.7888100147247314,0.7462199926376343,0.4399999976158142,,,1.8596681356430054
238,0.7828372120857239,0.7488600015640259,0.4373999834060669,,,2.3948514461517334
239,0.7771990895271301,0.7508999705314636,0.4404999911785126,,,1.8199841976165771
240,0.7762309908866882,0.7512999773025513,0.4389999806880951,460.4354553222656,194427.34375,0.7957003116607666
241,0.7763402462005615,0.7509199976921082,0.43719998002052307,,,1.1961599588394165
242,0.7737018465995789,0.7525599598884583,0.4399999976158142,,,1.8467118740081787
243,0.7698702216148376,0.7530800104141235,0.43939998745918274,,,1.8376872539520264
244,0.7673782706260681,0.7544599771499634,0.4373999834060669,,,1.4589173793792725
245,0.7665663361549377,0.7539799809455872,0.43879997730255127,470.81842041015625,195370.1875,1.3923285007476807
246,0.7678431272506714,0.7542799711227417,0.4373999834060669,,,1.837952971458435
247,0.7740291953086853,0.7497599720954895,0.43549999594688416,,,2.6735849380493164
248,0.7770108580589294,0.7493000030517578,0.43320000171661377,,,3.626910448074341
249,0.7806395292282104,0.7475000023841858,0.4375999867916107,,,4.454520225524902
250,0.765173614025116,0.7534799575805664,0.43689998984336853,515.27880859375,187546.15625,4.655466079711914
251,0.7556737661361694,0.7576799988746643,0.4368000030517578,,,3.4410626888275146
252,0.7590029835700989,0.7557799816131592,0.4380999803543091,,,2.144376516342163
253,0.7585057616233826,0.7565000057220459,0.43539997935295105,,,3.032012939453125
254,0.7499361634254456,0.7594799995422363,0.4375,,,3.412660837173462
255,0.7445449829101562,0.7624799609184265,0.43879997730255127,504.8502502441406,183156.625,2.29435133934021
256,0.7477439045906067,0.7608999609947205,0.43479999899864197,,,1.6125019788742065
257,0.7460838556289673,0.7604199647903442,0.43719998002052307,,,2.8087587356567383
258,0.7361747622489929,0.7657399773597717,0.4368000030517578,,,2.7376601696014404
259,0.7365014553070068,0.7658799886703491,0.4359999895095825,,,1.0621635913848877
260,0.7396754026412964,0.7635200023651123,0.43639999628067017,514.5379638671875,188779.375,1.8283369541168213
261,0.7316733002662659,0.7666800022125244,0.4350999891757965,,,2.726426362991333
262,0.7277437448501587,0.769599974155426,0.4375999867916107,,,1.703404426574707
263,0.7300435900688171,0.7665799856185913,0.43709999322891235,,,1.0942301750183105
264,0.7264381051063538,0.7689999938011169,0.43469998240470886,,,2.1790897846221924
265,0.7215104699134827,0.7713199853897095,0.43689998984336853,550.923828125,201981.0625,1.9566563367843628
266,0.7220178842544556,0.7714399695396423,0.4364999830722809,,,1.2895238399505615
267,0.7238752245903015,0.7701599597930908,0.4343999922275543,,,2.077477216720581
268,0.727289617061615,0.7670599818229675,0.43619999289512634,,,2.972557544708252
269,0.7363709211349487,0.7618399858474731,0.4332999885082245,,,3.7035417556762695
270,0.7654117941856384,0.748199999332428,0.4316999912261963,585.489501953125,206234.171875,5.283951282501221
271,0.7658175826072693,0.7493599653244019,0.4311999976634979,,,7.516872406005859
272,0.7349210381507874,0.7640399932861328,0.4355999827384949,,,8.144213676452637
273,0.7204107642173767,0.7686399817466736,0.4333999752998352,,,5.329278945922852
274,0.7364251613616943,0.7605999708175659,0.43289998173713684,,,3.8304333686828613
275,0.7197725772857666,0.7706800103187561,0.43719998002052307,507.9835510253906,156612.984375,5.745981693267822
276,0.7186946272850037,0.7698400020599365,0.43129998445510864,,,3.976062297821045
277,0.7210131287574768,0.7678799629211426,0.4310999810695648,,,4.128416061401367
278,0.7085503339767456,0.7752799987792969,0.4377000033855438,,,4.503537178039551
279,0.7140095829963684,0.770859956741333,0.4342999756336212,,,2.9812519550323486
280,0.7032833099365234,0.7760199904441833,0.43289998173713684,543.3988647460938,164757.484375,3.9561309814453125
281,0.7054100632667542,0.7748799920082092,0.43619999289512634,,,2.793403387069702
282,0.7016282677650452,0.7768399715423584,0.43609997630119324,,,3.2134945392608643
283,0.6942763328552246,0.7811599969863892,0.4323999881744385,,,3.0034713745117188
284,0.6994153261184692,0.7770400047302246,0.4339999854564667,,,2.0826022624969482
285,0.6910854578018188,0.7806400060653687,0.43709999322891235,545.4454345703125,163819.09375,3.230081081390381
286,0.6901493668556213,0.7810399532318115,0.4332999885082245,,,2.1194803714752197
287,0.6904704570770264,0.7811999917030334,0.4310999810695648,,,2.437971830368042
288,0.6830483078956604,0.7841599583625793,0.4350000023841858,,,2.6901602745056152
289,0.6852787733078003,0.7829999923706055,0.4359999895095825,,,1.7255244255065918
290,0.6797156929969788,0.7860199809074402,0.43230000138282776,567.2918701171875,172449.40625,2.462217330932617
291,0.6794386506080627,0.785099983215332,0.4334999918937683,,,1.725468635559082
292,0.6778586506843567,0.7862399816513062,0.435699999332428,,,2.2151219844818115
293,0.6720046997070312,0.7896199822425842,0.4334999918937683,,,2.074585437774658
294,0.6751607656478882,0.7873199582099915,0.431799978017807,,,1.1787159442901611
295,0.668777585029602,0.7901399731636047,0.4339999854564667,581.7796630859375,176301.46875,2.3557047843933105
296,0.6683801412582397,0.7900199890136719,0.432699978351593,,,1.2564634084701538
297,0.6672468781471252,0.7900399565696716,0.43219998478889465,,,1.5867502689361572
298,0.6633574962615967,0.7918599843978882,0.4315999746322632,,,1.863245964050293
299,0.6632989645004272,0.7916399836540222,0.43459999561309814,,,1.2409230470657349
300,0.6594699025154114,0.7938999533653259,0.4342999756336212,608.5477905273438,185722.171875,1.6393393278121948
301,0.6587659120559692,0.7935599684715271,0.42989999055862427,,,1.1628055572509766
302,0.656183660030365,0.793999969959259,0.43379998207092285,,,1.3593802452087402
303,0.6544612646102905,0.7965199947357178,0.43469998240470886,,,1.1813369989395142
304,0.6523968577384949,0.7959199547767639,0.4310999810695648,,,1.1552337408065796
305,0.6502581238746643,0.7965599894523621,0.43129998445510864,630.9441528320312,197149.890625,1.0262200832366943
306,0.6497460603713989,0.7979399561882019,0.43309998512268066,,,0.9673912525177002
307,0.6464294791221619,0.7988199591636658,0.4309999942779541,,,1.3430044651031494
308,0.6452807188034058,0.799239993095398,0.43039998412132263,,,0.8611119389533997
309,0.6446958780288696,0.7991999983787537,0.432699978351593,,,1.2055354118347168
310,0.6439257264137268,0.7985599637031555,0.43230000138282776,632.3390502929688,197119.640625,1.6398401260375977
311,0.6461333632469177,0.7981199622154236,0.42879998683929443,,,1.9853720664978027
312,0.6541488170623779,0.7942000031471252,0.43320000171661377,,,2.961660861968994
313,0.6636043787002563,0.7879999876022339,0.42800000309944153,,,4.297920227050781
314,0.6714714765548706,0.786139965057373,0.4323999881744385,,,5.782049179077148
315,0.6477562785148621,0.7967199683189392,0.4292999804019928,715.3331298828125,194948.28125,6.194490909576416
316,0.6365206241607666,0.80131995677948,0.4332999885082245,,,4.359128475189209
317,0.6444757580757141,0.797279953956604,0.42969998717308044,,,2.5960588455200195
318,0.6434767246246338,0.7974199652671814,0.43050000071525574,,,3.8678555488586426
319,0.6309521794319153,0.8036199808120728,0.43389999866485596,,,4.068885326385498
320,0.6292762756347656,0.8032599687576294,0.4311999976634979,658.5283203125,167806.90625,2.375394821166992
321,0.6321952939033508,0.8022399544715881,0.43059998750686646,,,2.16107177734375
322,0.6272911429405212,0.8044599890708923,0.43289998173713684,,,3.1867892742156982
323,0.6240352392196655,0.8055799603462219,0.43209999799728394,,,2.6736273765563965
324,0.6240255236625671,0.8062799572944641,0.4285999834537506,,,2.162869453430176
325,0.6206344366073608,0.8072599768638611,0.432699978351593,663.1729125976562,172269.1875,2.6361992359161377
326,0.6175776720046997,0.8091399669647217,0.4302999973297119,,,2.2957026958465576
327,0.6178387999534607,0.8089399933815002,0.43050000071525574,,,1.8809864521026611
328,0.6149149537086487,0.8093400001525879,0.43059998750686646,,,2.285731792449951
329,0.6106957197189331,0.8116799592971802,0.4300999939441681,,,1.9718228578567505
330,0.6116315126419067,0.8105999827384949,0.43219998478889465,691.919921875,185057.1875,1.2300716638565063
331,0.6109567284584045,0.8102200031280518,0.4293999969959259,,,1.9529109001159668
332,0.6055209636688232,0.8140999674797058,0.43219998478889465,,,2.177032232284546
333,0.6047755479812622,0.8136599659919739,0.43219998478889465,,,1.2590056657791138
334,0.6059804558753967,0.8126800060272217,0.42809998989105225,,,1.450427532196045
335,0.6026110649108887,0.8144599795341492,0.4292999804019928,721.1030883789062,187501.34375,2.1661694049835205
336,0.60101318359375,0.8149200081825256,0.4327999949455261,,,1.9657783508300781
337,0.6033106446266174,0.8139999508857727,0.42809998989105225,,,2.071718692779541
338,0.6075025200843811,0.8115400075912476,0.43140000104904175,,,3.0746216773986816
339,0.6152151226997375,0.8072199821472168,0.4278999865055084,,,4.153836250305176
340,0.6431462168693542,0.7938999533653259,0.4274999797344208,788.1286010742188,208777.84375,5.887309551239014
341,0.6560805439949036,0.7890200018882751,0.4253000020980835,,,8.415349006652832
342,0.6506471037864685,0.7933599948883057,0.42969998717308044,,,10.410439491271973
343,0.5968993902206421,0.815019965171814,0.42980000376701355,,,9.034791946411133
344,0.6240463256835938,0.8017999529838562,0.4277999997138977,,,3.0550782680511475
345,0.6330122351646423,0.7994999885559082,0.429999977350235,707.044921875,172078.359375,7.017549991607666
346,0.5926569700241089,0.8162999749183655,0.4285999834537506,,,7.565770149230957
347,0.629615306854248,0.7986599802970886,0.42399999499320984,,,2.7778143882751465
348,0.6024748086929321,0.8138200044631958,0.4306999742984772,,,7.8007707595825195
349,0.6049836874008179,0.8108599781990051,0.42809998989105225,,,4.752895355224609
350,0.6073642373085022,0.8087999820709229,0.42559999227523804,714.14013671875,166608.84375,5.057349681854248
351,0.5879918932914734,0.8178399801254272,0.42890000343322754,,,5.875901699066162
352,0.6014251112937927,0.8112799525260925,0.4291999936103821,,,2.951514959335327
353,0.5799379944801331,0.8215399980545044,0.42729997634887695,,,5.170334339141846
354,0.5965476036071777,0.813319981098175,0.4245999753475189,,,2.019925355911255
355,0.5777983665466309,0.822380006313324,0.4311999976634979,681.6798706054688,159694.34375,5.099231719970703
356,0.585293710231781,0.8192200064659119,0.42989999055862427,,,2.2478628158569336
357,0.5775424242019653,0.8232399821281433,0.42829999327659607,,,3.760594606399536
358,0.5770664215087891,0.8223199844360352,0.4292999804019928,,,2.84975004196167
359,0.5758351683616638,0.8230999708175659,0.4296000003814697,,,3.0148963928222656
360,0.5702866315841675,0.8268799781799316,0.4285999834537506,701.1703491210938,168943.28125,3.0317859649658203
361,0.573456883430481,0.8237400054931641,0.42719998955726624,,,2.121377468109131
362,0.5653417706489563,0.8269799947738647,0.42729997634887695,,,3.2682878971099854
363,0.5694233179092407,0.8257799744606018,0.42899999022483826,,,1.4213050603866577
364,0.5614953637123108,0.8299799561500549,0.4277999997138977,,,3.0285375118255615
365,0.5649195909500122,0.827459990978241,0.4274999797344208,714.24462890625,173987.28125,1.095487356185913
366,0.5598215460777283,0.8292799592018127,0.42899999022483826,,,2.6771695613861084
367,0.5598952174186707,0.8305799961090088,0.42729997634887695,,,1.7344276905059814
368,0.5571154952049255,0.8307399749755859,0.42809998989105225,,,2.070225715637207
369,0.5553764700889587,0.8304399847984314,0.42809998989105225,,,1.8273259401321411
370,0.5544450283050537,0.832539975643158,0.42669999599456787,730.840576171875,181955.515625,1.465445637702942
371,0.551338255405426,0.8343199491500854,0.42829999327659607,,,1.8688665628433228
372,0.5518088340759277,0.8324599862098694,0.42729997634887695,,,1.0442476272583008
373,0.5482094287872314,0.834119975566864,0.42649999260902405,,,1.8776483535766602
374,0.547938883304596,0.835099995136261,0.42719998955726624,,,1.1315152645111084
375,0.545400083065033,0.8355199694633484,0.42899999022483826,721.1107177734375,186805.546875,1.5476289987564087
376,0.5439620614051819,0.8354199528694153,0.42669999599456787,,,1.2265121936798096
377,0.5426723957061768,0.8366999626159668,0.4277999997138977,,,1.0561658143997192
378,0.5405060052871704,0.8383599519729614,0.4269999861717224,,,1.3761035203933716
379,0.5397146940231323,0.8370999693870544,0.42639997601509094,,,0.793890655040741
380,0.5378376841545105,0.8382999897003174,0.4271000027656555,743.6533203125,194586.21875,1.3305891752243042
381,0.5364454984664917,0.8396999835968018,0.42719998955726624,,,1.182633876800537
382,0.5350937843322754,0.8395799994468689,0.42719998955726624,,,1.1049728393554688
383,0.533788800239563,0.8395799994468689,0.42739999294281006,,,1.3033920526504517
384,0.5327603220939636,0.8408399820327759,0.42649999260902405,,,1.1818150281906128
385,0.5322783589363098,0.840999960899353,0.4278999865055084,763.7924194335938,204999.90625,1.5266046524047852
386,0.5327262282371521,0.8398999571800232,0.4285999834537506,,,2.018765449523926
387,0.535155177116394,0.8371999859809875,0.4276999831199646,,,2.597620725631714
388,0.5406888127326965,0.835599958896637,0.4260999858379364,,,3.4726078510284424
389,0.5476207733154297,0.8298199772834778,0.4262000024318695,,,4.558615207672119
390,0.5511724352836609,0.8297799825668335,0.4253999888896942,770.83447265625,197807.015625,5.765417098999023
391,0.5370127558708191,0.8352800011634827,0.42719998955726624,,,6.23173189163208
392,0.5230643153190613,0.8438199758529663,0.42739999294281006,,,4.739415168762207
393,0.5251162052154541,0.8426599502563477,0.4284999966621399,,,2.0593326091766357
394,0.5360669493675232,0.8358599543571472,0.4258999824523926,,,3.061149835586548
395,0.5410761833190918,0.8336799740791321,0.424699991941452,818.3031616210938,206301.0,5.174755573272705
396,0.5419631600379944,0.8308999538421631,0.42659997940063477,,,6.007126808166504
397,0.5631176233291626,0.8198800086975098,0.42159998416900635,,,6.827105522155762
398,0.5704317688941956,0.818120002746582,0.4253000020980835,,,9.033447265625
399,0.5260773301124573,0.8398799896240234,0.4284999966621399,,,9.274855613708496
400,0.5207491517066956,0.8423399925231934,0.42649999260902405,800.4330444335938,155805.25,4.463132381439209
401,0.5401556491851807,0.8326399922370911,0.42559999227523804,,,3.827430248260498
402,0.517600417137146,0.8438599705696106,0.42669999599456787,,,6.66478157043457
403,0.5162151455879211,0.8442999720573425,0.42559999227523804,,,3.4546279907226562
404,0.5250989198684692,0.8403399586677551,0.4260999858379364,,,3.5652077198028564
405,0.5088824033737183,0.8478800058364868,0.4285999834537506,787.6764526367188,158920.296875,5.222350597381592
406,0.513237476348877,0.8456599712371826,0.42659997940063477,,,2.2839503288269043
407,0.5129112005233765,0.8457399606704712,0.4267999827861786,,,3.7279515266418457
408,0.5041893124580383,0.8506399989128113,0.42739999294281006,,,3.819430351257324
409,0.5086009502410889,0.8476199507713318,0.42389997839927673,,,2.1427793502807617
410,0.5034788250923157,0.8504399657249451,0.4267999827861786,821.4638061523438,169587.4375,3.6325507164001465
411,0.5022916197776794,0.8500999808311462,0.4267999827861786,,,2.6298725605010986
412,0.5028946399688721,0.8506199717521667,0.42549997568130493,,,2.784639596939087
413,0.49652618169784546,0.8535999655723572,0.4260999858379364,,,3.1786954402923584
414,0.49936479330062866,0.851639986038208,0.4258999824523926,,,1.6116849184036255
415,0.496319442987442,0.8536199927330017,0.4258999824523926,822.3236083984375,171022.0,3.050870180130005
416,0.49266231060028076,0.8551200032234192,0.4253999888896942,,,2.448598861694336
417,0.495484322309494,0.8525999784469604,0.424699991941452,,,1.6931511163711548
418,0.49038657546043396,0.8557199835777283,0.42669999599456787,,,3.0498480796813965
419,0.4890475273132324,0.8556399941444397,0.4253999888896942,,,1.8070025444030762
420,0.4898914098739624,0.8550999760627747,0.42499998211860657,855.9691162109375,181052.734375,1.772726058959961
421,0.48553764820098877,0.8580399751663208,0.42479997873306274,,,2.493096351623535
422,0.48532915115356445,0.8576399683952332,0.4253000020980835,,,1.2936698198318481
423,0.4839750826358795,0.8578199744224548,0.4236999750137329,,,1.9081155061721802
424,0.48125800490379333,0.8596000075340271,0.42549997568130493,,,1.9223434925079346
425,0.48149484395980835,0.8584599494934082,0.4262000024318695,854.0634155273438,188576.59375,1.1968475580215454
426,0.47930461168289185,0.859779953956604,0.4242999851703644,,,1.915466070175171
427,0.4779054820537567,0.8606799840927124,0.4244000017642975,,,1.5769578218460083
428,0.4785196781158447,0.860319972038269,0.42569997906684875,,,1.5332649946212769
429,0.4786941707134247,0.859499990940094,0.42419999837875366,,,2.3915820121765137
430,0.4819479286670685,0.8573799729347229,0.424699991941452,924.1607666015625,207092.640625,2.817868232727051
431,0.49353811144828796,0.8511999845504761,0.4244999885559082,,,3.956684112548828
432,0.5029780268669128,0.8447399735450745,0.4205999970436096,,,5.70122766494751
433,0.5183302164077759,0.8393399715423584,0.42389997839927673,,,7.607824325561523
434,0.4906945824623108,0.8500999808311462,0.42239999771118164,,,8.533238410949707
435,0.468979150056839,0.8634799718856812,0.4245999753475189,836.93701171875,179791.25,6.258294105529785
436,0.4760698080062866,0.8593399524688721,0.4242999851703644,,,1.6413387060165405
437,0.48732832074165344,0.8509799838066101,0.4226999878883362,,,3.9695582389831543
438,0.4753522574901581,0.8593399524688721,0.42499998211860657,,,6.058948516845703
439,0.4630281627178192,0.8659600019454956,0.42479997873306274,,,4.179232120513916
440,0.4733235836029053,0.8590399622917175,0.4253000020980835,898.453857421875,188346.25,0.9140662550926208
441,0.4758760929107666,0.8586399555206299,0.4242999851703644,,,4.373924732208252
442,0.4615003168582916,0.8660599589347839,0.42419999837875366,,,4.81234073638916
443,0.46231845021247864,0.8654800057411194,0.42479997873306274,,,1.9541152715682983
444,0.4693790376186371,0.8611399531364441,0.4244000017642975,,,2.7759296894073486
445,0.46029132604599,0.8662199974060059,0.423799991607666,894.433349609375,194078.96875,4.403916835784912
446,0.4550865888595581,0.8686599731445312,0.42479997873306274,,,2.7996482849121094
447,0.459690660238266,0.8651599884033203,0.42479997873306274,,,1.3275175094604492
448,0.45772168040275574,0.8668599724769592,0.42419999837875366,,,3.2296595573425293
449,0.45143839716911316,0.8699199557304382,0.424699991941452,,,3.087557077407837
450,0.45118144154548645,0.8692599534988403,0.4242999851703644,865.1753540039062,192153.75,1.2891817092895508
451,0.4530557096004486,0.8684799671173096,0.42329999804496765,,,1.7659435272216797
452,0.45024850964546204,0.8698599934577942,0.4244999885559082,,,2.8908462524414062
453,0.4462606906890869,0.8718000054359436,0.4244000017642975,,,2.364574909210205
454,0.44731009006500244,0.8712999820709229,0.4242999851703644,,,1.1985419988632202
455,0.4491555392742157,0.8687199950218201,0.42339998483657837,888.5906982421875,200868.21875,2.233774185180664
456,0.4486333131790161,0.8703199625015259,0.4245999753475189,,,3.1196818351745605
457,0.45164138078689575,0.8674399852752686,0.42159998416900635,,,3.313397169113159
458,0.4678427278995514,0.8613799810409546,0.4235000014305115,,,4.357181072235107
459,0.49452632665634155,0.8458199501037598,0.4172999858856201,,,6.869556427001953
460,0.5415789484977722,0.8319999575614929,0.4212999939918518,1075.7861328125,218242.296875,10.558243751525879
461,0.5053147673606873,0.8424599766731262,0.41929998993873596,,,13.267013549804688
462,0.48975515365600586,0.8473199605941772,0.4227999746799469,,,11.847946166992188
463,0.49694254994392395,0.8464399576187134,0.4202999770641327,,,9.246760368347168
464,0.47173836827278137,0.8562399744987488,0.42149999737739563,,,9.28756046295166
465,0.4646739959716797,0.8596599698066711,0.4213999807834625,910.3489990234375,158198.109375,7.393024921417236
466,0.4772412180900574,0.8554799556732178,0.4197999835014343,,,6.524844646453857
467,0.45799776911735535,0.8625400066375732,0.42329999804496765,,,7.828122138977051
468,0.4585781991481781,0.8613999485969543,0.42289999127388,,,5.843161582946777
469,0.4564138948917389,0.8643400073051453,0.42080000042915344,,,6.202771186828613
470,0.44903722405433655,0.8677999973297119,0.4221999943256378,949.8980712890625,159339.40625,5.922976970672607
471,0.44921573996543884,0.8658199906349182,0.4244000017642975,,,5.131118297576904
472,0.44073688983917236,0.871399998664856,0.42579999566078186,,,5.46510124206543
473,0.4448510408401489,0.8695799708366394,0.42080000042915344,,,4.203444004058838
474,0.43566831946372986,0.8737799525260925,0.42229998111724854,,,5.03824520111084
475,0.43949824571609497,0.8711199760437012,0.4268999993801117,885.9533081054688,149352.96875,3.897169828414917
476,0.4321253001689911,0.8764199614524841,0.4262999892234802,,,4.30486536026001
477,0.4341452419757843,0.874779999256134,0.42089998722076416,,,3.5342535972595215
478,0.42898234724998474,0.8766999840736389,0.4258999824523926,,,3.7400074005126953
479,0.42936617136001587,0.8756200075149536,0.4262000024318695,,,3.2329492568969727
480,0.426418662071228,0.8780399560928345,0.42179998755455017,916.8433837890625,162170.3125,3.3107595443725586
481,0.4244877099990845,0.8788999915122986,0.4212999939918518,,,2.872828722000122
482,0.4254055321216583,0.8771599531173706,0.4251999855041504,,,2.8530523777008057
483,0.4200049340724945,0.8805199861526489,0.4253000020980835,,,3.025782346725464
484,0.42247602343559265,0.8792199492454529,0.4220999777317047,,,2.196489095687866
485,0.4176710844039917,0.8814199566841125,0.42569997906684875,918.4652099609375,162181.625,2.905874490737915
486,0.4183420240879059,0.8809199929237366,0.4245999753475189,,,1.940429449081421
487,0.4161217510700226,0.8815199732780457,0.4227999746799469,,,2.521466016769409
488,0.4140763282775879,0.8827999830245972,0.42260000109672546,,,2.061981678009033
489,0.4143761992454529,0.8828199505805969,0.42489999532699585,,,1.862013816833496
490,0.4111667573451996,0.8840999603271484,0.42409998178482056,945.8334350585938,169716.765625,2.2090117931365967
491,0.4112921357154846,0.8838799595832825,0.4219000041484833,,,1.5026947259902954
492,0.4093335270881653,0.8847799897193909,0.4235000014305115,,,1.9050812721252441
493,0.4085354208946228,0.8849799633026123,0.42329999804496765,,,1.5773446559906006
494,0.4071781635284424,0.8848999738693237,0.42309999465942383,,,1.7375839948654175
495,0.4054734408855438,0.8861199617385864,0.42329999804496765,967.625,177353.375,1.4509226083755493
496,0.4056193232536316,0.8862400054931641,0.4221999943256378,,,1.272098422050476
497,0.40291184186935425,0.8872599601745605,0.4227999746799469,,,1.7307758331298828
498,0.40280914306640625,0.8868199586868286,0.423799991607666,,,0.9463698863983154
499,0.40120604634284973,0.8881399631500244,0.4229999780654907,,,1.3948944807052612
500,0.39985522627830505,0.8886799812316895,0.42319998145103455,976.807861328125,181612.71875,1.1629666090011597
501,0.3994751572608948,0.8884599804878235,0.42389997839927673,,,0.9682617783546448
502,0.3974154591560364,0.8889399766921997,0.42309999465942383,,,1.321588397026062
503,0.39709457755088806,0.8899799585342407,0.4221999943256378,,,0.7849989533424377
504,0.3954427242279053,0.8899199962615967,0.42329999804496765,,,1.1468758583068848
505,0.3944368362426758,0.8900599479675293,0.42329999804496765,998.3961181640625,191292.0625,0.8322399854660034
506,0.39380475878715515,0.8910399675369263,0.4221999943256378,,,0.8168154954910278
507,0.3921237587928772,0.8910999894142151,0.4211999773979187,,,1.098376750946045
508,0.3913566768169403,0.8915799856185913,0.4227999746799469,,,0.7046059370040894
509,0.3903542459011078,0.8921399712562561,0.42319998145103455,,,0.9567702412605286
510,0.38923731446266174,0.8919599652290344,0.421999990940094,1027.6807861328125,200232.59375,1.0341821908950806
511,0.38881561160087585,0.892579972743988,0.42289999127388,,,1.0143588781356812
512,0.38879257440567017,0.8913799524307251,0.42159998416900635,,,1.501099705696106
513,0.39060577750205994,0.8905799984931946,0.4220999777317047,,,2.123110294342041
514,0.397077739238739,0.8870199918746948,0.41999998688697815,,,3.183730363845825
515,0.4165255129337311,0.8756200075149536,0.4227999746799469,981.7764892578125,197133.125,5.122725486755371
516,0.44305434823036194,0.8620799779891968,0.4152999818325043,,,7.8899359703063965
517,0.4671197235584259,0.8516199588775635,0.42080000042915344,,,11.226910591125488
518,0.4129973351955414,0.8772599697113037,0.41830000281333923,,,12.441254615783691
519,0.388828307390213,0.8901000022888184,0.42069998383522034,,,7.952894687652588
520,0.42162054777145386,0.8721999526023865,0.4195999801158905,949.2177124023438,161212.53125,3.8214340209960938
521,0.40513843297958374,0.8804000020027161,0.4189999997615814,,,8.565315246582031
522,0.38054925203323364,0.8943399786949158,0.4226999878883362,,,6.979849815368652
523,0.3998500406742096,0.8830999732017517,0.4203999936580658,,,1.6073741912841797
524,0.39159706234931946,0.8878799676895142,0.41909998655319214,,,6.1898274421691895
525,0.3799664080142975,0.8947399854660034,0.42389997839927673,944.572998046875,173290.421875,5.182699680328369
526,0.39064136147499084,0.8868399858474731,0.420199990272522,,,2.416501045227051
527,0.38120272755622864,0.8936599493026733,0.4202999770641327,,,5.126392841339111
528,0.3768341541290283,0.8961199522018433,0.42309999465942383,,,3.6218857765197754
529,0.38253480195999146,0.8915999531745911,0.4213999807834625,,,2.4017233848571777
530,0.3762691020965576,0.8959199786186218,0.41990000009536743,1041.4537353515625,190241.671875,4.253558158874512
531,0.3738492429256439,0.8971399664878845,0.421099990606308,,,3.16337513923645
532,0.37576037645339966,0.894819974899292,0.4235999882221222,,,2.6963133811950684
533,0.3711506128311157,0.8970199823379517,0.4193999767303467,,,3.4899110794067383
534,0.3687940537929535,0.8986999988555908,0.42229998111724854,,,2.3366355895996094
535,0.3707157075405121,0.8967999815940857,0.42339998483657837,955.31298828125,166505.34375,1.8364475965499878
536,0.3680289387702942,0.8983999490737915,0.4204999804496765,,,2.879713773727417
537,0.3649578094482422,0.9007999897003174,0.42179998755455017,,,2.2909436225891113
538,0.3664410412311554,0.8989399671554565,0.4220999777317047,,,1.404291033744812
539,0.36455512046813965,0.9005199670791626,0.42069998383522034,,,2.4481589794158936
540,0.3611737787723541,0.9023199677467346,0.4213999807834625,980.5681762695312,176542.453125,2.160266399383545
541,0.3618643283843994,0.9013399481773376,0.42229998111724854,,,0.8553957939147949
542,0.36130133271217346,0.9013800024986267,0.4212999939918518,,,1.9159941673278809
543,0.3582572638988495,0.9029399752616882,0.421099990606308,,,2.089935064315796
544,0.35756832361221313,0.903219997882843,0.42080000042915344,,,0.9906409382820129
545,0.3574083149433136,0.9027400016784668,0.4203999936580658,1023.902099609375,195485.796875,1.1472102403640747
546,0.3558579683303833,0.9038800001144409,0.42100000381469727,,,1.7057386636734009
547,0.3542433977127075,0.9044999480247498,0.42069998383522034,,,1.4340202808380127
548,0.3533708453178406,0.9041199684143066,0.4197999835014343,,,0.9071493744850159
549,0.35306859016418457,0.9045599699020386,0.4219000041484833,,,1.104564905166626
550,0.3521707355976105,0.9053199887275696,0.42069998383522034,1042.749755859375,195379.546875,1.6353919506072998
551,0.35087937116622925,0.9056199789047241,0.42069998383522034,,,1.6823426485061646
552,0.35133597254753113,0.9054399728775024,0.4194999933242798,,,1.542260766029358
553,0.3545340299606323,0.9044599533081055,0.42080000042915344,,,2.2570698261260986
554,0.3655862808227539,0.8966999650001526,0.4196999967098236,,,3.7393558025360107
555,0.3950711190700531,0.8811999559402466,0.4161999821662903,1393.8673095703125,270121.09375,6.084882736206055
556,0.4896910488605499,0.845259964466095,0.4136999845504761,,,10.72730541229248
557,0.4979536235332489,0.8400399684906006,0.4108999967575073,,,16.868661880493164
558,0.41445037722587585,0.8737199902534485,0.41830000281333923,,,19.005826950073242
559,0.4047081172466278,0.8773999810218811,0.41990000009536743,,,12.03670883178711
560,0.431686133146286,0.8630200028419495,0.41279998421669006,1233.2744140625,180192.609375,9.995037078857422
561,0.3642387092113495,0.8969399929046631,0.4193999767303467,,,12.787111282348633
562,0.41837278008461,0.8697800040245056,0.4170999825000763,,,5.384596824645996
563,0.36821413040161133,0.8940799832344055,0.421099990606308,,,11.169934272766113
564,0.3940359354019165,0.8818199634552002,0.41819998621940613,,,6.160235404968262
565,0.37182968854904175,0.8925399780273438,0.4205999970436096,1123.769775390625,165126.015625,9.319692611694336
566,0.38154301047325134,0.888260006904602,0.4186999797821045,,,6.517605781555176
567,0.36380627751350403,0.8963199853897095,0.4202999770641327,,,7.4210076332092285
568,0.3644748330116272,0.8964399695396423,0.4197999835014343,,,5.823639869689941
569,0.36753690242767334,0.8949399590492249,0.42149999737739563,,,6.1600446701049805
570,0.35854512453079224,0.8993399739265442,0.4193999767303467,1120.069091796875,166251.6875,6.166150093078613
571,0.35681450366973877,0.9005399942398071,0.41920000314712524,,,5.118814945220947
572,0.3537178933620453,0.9009000062942505,0.42100000381469727,,,5.335245609283447
573,0.3491739332675934,0.9035399556159973,0.4195999801158905,,,4.914826393127441
574,0.3496033251285553,0.9036799669265747,0.4177999794483185,,,4.1997904777526855
575,0.34441909193992615,0.9052000045776367,0.42179998755455017,1096.76611328125,165471.78125,4.411513805389404
576,0.34661445021629333,0.9045599699020386,0.41990000009536743,,,3.8248190879821777
577,0.34152230620384216,0.9076199531555176,0.4202999770641327,,,4.529058933258057
578,0.3432502746582031,0.9065799713134766,0.4187999963760376,,,3.511115074157715
579,0.3384261727333069,0.9082199931144714,0.4193999767303467,,,4.0683488845825195
580,0.33834052085876465,0.9089199900627136,0.4188999831676483,1098.8258056640625,164783.3125,3.4357476234436035
581,0.33616307377815247,0.9104399681091309,0.4193999767303467,,,3.531193494796753
582,0.33549463748931885,0.9102399945259094,0.42080000042915344,,,3.2259347438812256
583,0.33266663551330566,0.911359965801239,0.41999998688697815,,,3.220876932144165
584,0.33218124508857727,0.9114199876785278,0.4187999963760376,,,2.803689479827881
585,0.33033159375190735,0.9128599762916565,0.4186999797821045,1116.2357177734375,170527.3125,2.8577613830566406
586,0.3289833664894104,0.9135400056838989,0.4186999797821045,,,2.636749029159546
587,0.3281669616699219,0.9136199951171875,0.41839998960494995,,,2.4130351543426514
588,0.32601895928382874,0.9139599800109863,0.41830000281333923,,,2.5311977863311768
589,0.3259386420249939,0.9141799807548523,0.4180999994277954,,,2.1387863159179688
590,0.3233668804168701,0.9159199595451355,0.41759997606277466,1119.4364013671875,174809.6875,2.304149627685547
591,0.3242228627204895,0.9153199791908264,0.4171999990940094,,,1.7761650085449219
592,0.32068100571632385,0.9161799550056458,0.4180999994277954,,,2.443801164627075
593,0.3217213451862335,0.9165999889373779,0.4179999828338623,,,1.451904058456421
594,0.3184700608253479,0.9174399971961975,0.4169999957084656,,,2.1968376636505127
595,0.3201240301132202,0.9165199995040894,0.41819998621940613,1153.654541015625,183546.4375,1.2133092880249023
596,0.31618234515190125,0.9177799820899963,0.41839998960494995,,,2.3321616649627686
597,0.31752288341522217,0.9180600047111511,0.4177999794483185,,,0.6659541726112366
598,0.3145301043987274,0.9187999963760376,0.4186999797821045,,,1.9531620740890503
599,0.3153446614742279,0.9177799820899963,0.4179999828338623,,,0.7824254631996155
600,0.31314021348953247,0.9192999601364136,0.41830000281333923,1148.1558837890625,186143.09375,1.7525941133499146
601,0.31258758902549744,0.9196199774742126,0.4169999957084656,,,1.052534580230713
602,0.3117077052593231,0.9193599820137024,0.4172999858856201,,,1.2114832401275635
603,0.31037411093711853,0.9199399948120117,0.4179999828338623,,,1.2768257856369019
604,0.3101639151573181,0.9208599925041199,0.41749998927116394,,,0.9365177154541016
605,0.30823227763175964,0.9208399653434753,0.4169999957084656,1159.51904296875,191871.1875,1.3959661722183228
606,0.308297336101532,0.9209599494934082,0.4170999825000763,,,0.5155251026153564
607,0.3066583275794983,0.9213599562644958,0.41759997606277466,,,1.3206366300582886
608,0.30632486939430237,0.9220399856567383,0.4171999990940094,,,0.7676773071289062
609,0.30545440316200256,0.9220199584960938,0.4177999794483185,,,1.1818925142288208
610,0.30462467670440674,0.9221799969673157,0.4170999825000763,1207.2010498046875,206759.890625,1.255043387413025
611,0.30512306094169617,0.9218599796295166,0.4153999984264374,,,1.378760576248169
612,0.3058299720287323,0.9214999675750732,0.4171999990940094,,,2.1356396675109863
613,0.31193438172340393,0.9174999594688416,0.4179999828338623,,,3.0250580310821533
614,0.3247491121292114,0.9099799990653992,0.41279998421669006,,,4.825497627258301
615,0.3770696818828583,0.8888399600982666,0.41769999265670776,1264.547607421875,235409.734375,8.06301498413086
616,0.44799327850341797,0.8602599501609802,0.4071999788284302,,,13.036593437194824
617,0.7022188305854797,0.8095399737358093,0.3983999788761139,,,21.693906784057617
618,0.572165846824646,0.8290199637413025,0.40939998626708984,,,29.98046875
619,0.38492652773857117,0.877020001411438,0.41759997606277466,,,24.1623592376709
620,0.47899359464645386,0.8519399762153625,0.40619999170303345,1329.50927734375,150982.59375,12.494893074035645
621,0.3630930483341217,0.8912000060081482,0.4163999855518341,,,19.075098037719727
622,0.44300684332847595,0.864799976348877,0.41279998421669006,,,9.6881103515625
623,0.34858644008636475,0.8963199853897095,0.4169999957084656,,,16.459060668945312
624,0.40539559721946716,0.8762999773025513,0.4147000014781952,,,7.972087383270264
625,0.34812116622924805,0.8962599635124207,0.4138000011444092,1236.83349609375,141396.1875,13.008556365966797
626,0.35785630345344543,0.8944799900054932,0.41599997878074646,,,8.167198181152344
627,0.36177438497543335,0.8908799886703491,0.4174000024795532,,,9.155500411987305
628,0.3243897557258606,0.9093799591064453,0.42089998722076416,,,9.417576789855957
629,0.3680100440979004,0.8885599970817566,0.41040000319480896,,,5.1110639572143555
630,0.31218889355659485,0.9155799746513367,0.4161999821662903,1059.45556640625,139166.6875,10.130023956298828
631,0.3475091755390167,0.89683997631073,0.4205999970436096,,,3.8154563903808594
632,0.32105106115341187,0.911139965057373,0.42179998755455017,,,8.278210639953613
633,0.3179355561733246,0.9120599627494812,0.41359999775886536,,,5.187777996063232
634,0.3308006227016449,0.9070999622344971,0.41019999980926514,,,5.198653221130371
635,0.3053346574306488,0.9187199473381042,0.4195999801158905,1044.064697265625,137880.359375,6.9861249923706055
636,0.31904101371765137,0.9118599891662598,0.4211999773979187,,,3.281522274017334
637,0.31169945001602173,0.9158599972724915,0.41819998621940613,,,5.390730381011963
638,0.3015913963317871,0.9215799570083618,0.41519999504089355,,,4.873958587646484
639,0.3165527582168579,0.9143399596214294,0.4174000024795532,,,2.891458749771118
640,0.29616591334342957,0.9227599501609802,0.41839998960494995,1123.697509765625,142493.90625,5.9245781898498535
641,0.30603641271591187,0.9173199534416199,0.41849997639656067,,,1.9580427408218384
642,0.2990993857383728,0.9213599562644958,0.4186999797821045,,,4.537199974060059
643,0.295621782541275,0.9231999516487122,0.4180999994277954,,,3.3083128929138184
644,0.29984426498413086,0.9222599864006042,0.4138999879360199,,,2.560049057006836
645,0.2927827835083008,0.9244399666786194,0.41509997844696045,1138.38623046875,148578.3125,3.623120069503784
646,0.2938213050365448,0.9237200021743774,0.4172999858856201,,,2.402771472930908
647,0.29362285137176514,0.923799991607666,0.4177999794483185,,,2.627779722213745
648,0.2882850468158722,0.927079975605011,0.41759997606277466,,,2.8028151988983154
649,0.2919917702674866,0.9250399470329285,0.41439998149871826,,,1.5811986923217773
650,0.2868291139602661,0.9269999861717224,0.41609999537467957,1047.90234375,152069.328125,2.903949499130249
651,0.28717362880706787,0.9267999529838562,0.41759997606277466,,,1.6349222660064697
652,0.2871409058570862,0.9268800020217896,0.4153999984264374,,,2.0156545639038086
653,0.283601313829422,0.9293599724769592,0.41599997878074646,,,2.3148224353790283
654,0.2849378287792206,0.9285599589347839,0.4154999852180481,,,1.2848484516143799
655,0.28276118636131287,0.9292999505996704,0.41599997878074646,1154.753662109375,156016.40625,2.048961877822876
656,0.2817213237285614,0.929099977016449,0.4170999825000763,,,1.557856559753418
657,0.2819856107234955,0.9289799928665161,0.41579997539520264,,,1.407662034034729
658,0.2794116139411926,0.9307799935340881,0.41449999809265137,,,1.8164981603622437
659,0.28014782071113586,0.930679976940155,0.41659998893737793,,,0.9579058885574341
660,0.2782727777957916,0.9310799837112427,0.41669997572898865,1170.067626953125,160289.25,1.7131612300872803
661,0.2776370048522949,0.9305199980735779,0.4156999886035919,,,1.149903416633606
662,0.27723002433776855,0.9312599897384644,0.4138000011444092,,,1.15329110622406
663,0.27580326795578003,0.932379961013794,0.4147999882698059,,,1.331465244293213
664,0.2757449448108673,0.9323399662971497,0.4145999848842621,,,0.9089006781578064
665,0.2743014693260193,0.9326599836349487,0.4147000014781952,1167.5623779296875,165153.796875,1.1932170391082764
666,0.2739589810371399,0.9330799579620361,0.41349998116493225,,,0.793476402759552
667,0.27312105894088745,0.9329999685287476,0.41439998149871826,,,0.9391581416130066
668,0.2722374200820923,0.933459997177124,0.4140999913215637,,,0.9654395580291748
669,0.2717597782611847,0.9334200024604797,0.4136999845504761,,,0.7569150328636169
670,0.27070438861846924,0.9340399503707886,0.41509997844696045,1201.2908935546875,171563.546875,0.959010899066925
671,0.2703210413455963,0.9340999722480774,0.41609999537467957,,,0.5593346357345581
672,0.2693847119808197,0.9344599843025208,0.41499999165534973,,,0.9119722843170166
673,0.2688121497631073,0.9345799684524536,0.41359999775886536,,,0.660112738609314
674,0.26801106333732605,0.9348999857902527,0.41419997811317444,,,0.7124893665313721
675,0.2672942876815796,0.9352200031280518,0.4145999848842621,1220.921142578125,176747.40625,0.6734501719474792
676,0.2666865885257721,0.9353599548339844,0.4139999747276306,,,0.5228016376495361
677,0.26586487889289856,0.9354400038719177,0.41419997811317444,,,0.672498345375061
678,0.265363484621048,0.9360399842262268,0.4136999845504761,,,0.48868221044540405
679,0.26449647545814514,0.9359599947929382,0.4138000011444092,,,0.6727072596549988
680,0.26394757628440857,0.9362399578094482,0.4140999913215637,1246.7591552734375,183697.28125,0.4829542636871338
681,0.26314011216163635,0.9367199540138245,0.41429999470710754,,,0.554781436920166
682,0.26250001788139343,0.9369199872016907,0.4124999940395355,,,0.4602814316749573
683,0.26181426644325256,0.9368599653244019,0.4129999876022339,,,0.41288498044013977
684,0.2610737979412079,0.9372199773788452,0.41359999775886536,,,0.45758068561553955
685,0.2604844570159912,0.9375199675559998,0.41359999775886536,1260.854248046875,189988.578125,0.3032803237438202
686,0.25969570875167847,0.93777996301651,0.41279998421669006,,,0.4763994812965393
687,0.25913241505622864,0.9376800060272217,0.4124999940395355,,,0.29242485761642456
688,0.25835803151130676,0.9381600022315979,0.4131999909877777,,,0.4636662006378174
689,0.2577836215496063,0.938539981842041,0.41339999437332153,,,0.3958294093608856
690,0.2570793628692627,0.9386199712753296,0.413100004196167,1259.0467529296875,195777.3125,0.5325179100036621
691,0.2565329670906067,0.9388599991798401,0.4122999906539917,,,0.5760971307754517
692,0.25603586435317993,0.9388200044631958,0.4123999774456024,,,0.7674872875213623
693,0.25585803389549255,0.9387399554252625,0.41259998083114624,,,1.0607455968856812
694,0.25644007325172424,0.9387799501419067,0.4124999940395355,,,1.5585893392562866
695,0.2588251233100891,0.9364999532699585,0.41119998693466187,1397.340087890625,216796.0,2.3409173488616943
696,0.26732951402664185,0.932159960269928,0.41279998421669006,,,3.7082407474517822
697,0.2881074547767639,0.9196999669075012,0.4105999767780304,,,6.005112171173096
698,0.3446665108203888,0.8960399627685547,0.4108999967575073,,,9.969828605651855
699,0.3767772614955902,0.8827799558639526,0.4098999798297882,,,15.334330558776855
700,0.3249436616897583,0.905019998550415,0.41339999437332153,1288.80419921875,159525.21875,18.531715393066406
701,0.2588596045970917,0.9366199970245361,0.4153999984264374,,,12.904580116271973
702,0.33212369680404663,0.8992999792098999,0.41009998321533203,,,3.1872808933258057
703,0.311094731092453,0.9111199975013733,0.41429999470710754,,,14.180032730102539
704,0.27286678552627563,0.9287999868392944,0.4138999879360199,,,10.807206153869629
705,0.32884109020233154,0.9005999565124512,0.41029998660087585,1456.31787109375,179503.875,6.385288715362549
706,0.27152201533317566,0.9293799996376038,0.4156999886035919,,,13.667996406555176
707,0.30717891454696655,0.9116999506950378,0.41130000352859497,,,6.084628582000732
708,0.279321551322937,0.9240999817848206,0.4131999909877777,,,11.05652904510498
709,0.27178487181663513,0.9284199476242065,0.41499999165534973,,,8.003861427307129
710,0.2885366678237915,0.9200999736785889,0.4108999967575073,1295.5621337890625,166652.84375,6.581401824951172
711,0.25336411595344543,0.937999963760376,0.41439998149871826,,,9.380887031555176
712,0.2813085615634918,0.9223799705505371,0.41279998421669006,,,2.9098074436187744
713,0.25050199031829834,0.9396399855613708,0.41290000081062317,,,8.588231086730957
714,0.2712879180908203,0.9280200004577637,0.41200000047683716,,,2.4807441234588623
715,0.2512776851654053,0.9389999508857727,0.4123999774456024,1211.818359375,161634.140625,7.217512130737305
716,0.2640552818775177,0.9307599663734436,0.4138000011444092,,,3.3072118759155273
717,0.25322356820106506,0.9381199479103088,0.413100004196167,,,6.400960445404053
718,0.25572994351387024,0.9364799857139587,0.41189998388290405,,,4.174444675445557
719,0.25430434942245483,0.9350799918174744,0.41339999437332153,,,4.822187423706055
720,0.2485516220331192,0.9396999478340149,0.4148999750614166,1215.4609375,163586.625,4.915354251861572
721,0.252092570066452,0.9380199909210205,0.41119998693466187,,,3.1693811416625977
722,0.24447064101696014,0.9423399567604065,0.4123999774456024,,,4.536185264587402
723,0.25060996413230896,0.9378199577331543,0.4140999913215637,,,2.2726078033447266
724,0.24161440134048462,0.9430399537086487,0.4139999747276306,,,4.454896926879883
725,0.2480512261390686,0.940339982509613,0.41200000047683716,1274.823974609375,174399.6875,1.6132707595825195
726,0.24010074138641357,0.9440000057220459,0.41279998421669006,,,4.080043792724609
727,0.2440357655286789,0.9416399598121643,0.41179999709129333,,,1.7062485218048096
728,0.23985129594802856,0.9434199929237366,0.41130000352859497,,,3.2730355262756348
729,0.24039265513420105,0.943619966506958,0.4136999845504761,,,2.2653775215148926
730,0.23928962647914886,0.9435399770736694,0.4120999872684479,1244.459228515625,173252.171875,2.492518901824951
731,0.23713773488998413,0.9447399973869324,0.4124999940395355,,,2.549644708633423
732,0.23840156197547913,0.9441999793052673,0.4124999940395355,,,1.6615853309631348
733,0.23471210896968842,0.9457599520683289,0.41290000081062317,,,2.6408300399780273
734,0.23673926293849945,0.9444399476051331,0.41169998049736023,,,1.0861077308654785
735,0.23351144790649414,0.9457799792289734,0.41349998116493225,1229.6007080078125,176002.734375,2.4535677433013916
736,0.2343876212835312,0.9460999965667725,0.4132999777793884,,,1.3716522455215454
737,0.23262840509414673,0.9460199475288391,0.4123999774456024,,,1.962028980255127
738,0.23202717304229736,0.9464799761772156,0.41339999437332153,,,1.626886248588562
739,0.23180244863033295,0.946619987487793,0.4123999774456024,,,1.425490379333496
740,0.22992263734340668,0.9473599791526794,0.41259998083114624,1265.21240234375,184651.234375,1.7728826999664307
741,0.23038847744464874,0.946679949760437,0.41349998116493225,,,0.9726640582084656
742,0.22858361899852753,0.9477399587631226,0.41279998421669006,,,1.5975793600082397
743,0.22865691781044006,0.9479799866676331,0.4129999876022339,,,1.0225672721862793
744,0.2275298684835434,0.9478999972343445,0.41200000047683716,,,1.336240530014038
745,0.22679276764392853,0.9479399919509888,0.4123999774456024,1271.627685546875,189564.125,1.1542303562164307
746,0.22658388316631317,0.9487400054931641,0.4122999906539917,,,1.0023937225341797
747,0.22514349222183228,0.9487999677658081,0.41200000047683716,,,1.2796049118041992
748,0.2252136766910553,0.9483999609947205,0.4122999906539917,,,0.7978145480155945
749,0.2240467369556427,0.9494999647140503,0.4120999872684479,,,1.2525559663772583
750,0.22359468042850494,0.9494199752807617,0.4122999906539917,1278.30517578125,195301.078125,0.9757012128829956
751,0.22337639331817627,0.9491799473762512,0.41189998388290405,,,1.06304132938385
752,0.22250041365623474,0.9492799639701843,0.4122999906539917,,,1.347442388534546
753,0.2231820970773697,0.9495999813079834,0.41169998049736023,,,1.4382511377334595
754,0.22448918223381042,0.9481399655342102,0.41259998083114624,,,2.294668674468994
755,0.22845523059368134,0.9459999799728394,0.4113999903202057,1483.3004150390625,231686.6875,3.1568150520324707
756,0.2434712052345276,0.9382799863815308,0.4114999771118164,,,4.788616180419922
757,0.27568450570106506,0.9205799698829651,0.40799999237060547,,,7.722407341003418
758,0.37762007117271423,0.8865599632263184,0.41019999980926514,,,13.216652870178223
759,0.3624037802219391,0.8851199746131897,0.4016000032424927,,,19.816499710083008
760,0.3029711842536926,0.9132799506187439,0.41509997844696045,1581.267333984375,202929.828125,21.554948806762695
761,0.26162928342819214,0.93013995885849,0.41339999437332153,,,13.87643814086914
762,0.3135250210762024,0.9043999910354614,0.4050999879837036,,,9.501872062683105
763,0.29021692276000977,0.9199599623680115,0.4156999886035919,,,16.587862014770508
764,0.26584920287132263,0.9288399815559387,0.41269999742507935,,,12.008841514587402
765,0.2856679856777191,0.9169600009918213,0.4072999954223633,1661.145263671875,197853.21875,9.744831085205078
766,0.2669864892959595,0.9262399673461914,0.4122999906539917,,,13.5012845993042
767,0.2685227394104004,0.9266799688339233,0.41359999775886536,,,9.938271522521973
768,0.24680598080158234,0.9350999593734741,0.4124999940395355,,,10.055253028869629
769,0.2687014639377594,0.9241600036621094,0.4088999927043915,,,7.761343479156494
770,0.23080402612686157,0.944879949092865,0.4138000011444092,1242.753173828125,142976.078125,10.992670059204102
771,0.25943073630332947,0.9289399981498718,0.4123999774456024,,,4.829813003540039
772,0.22982658445835114,0.9443999528884888,0.41439998149871826,,,9.507933616638184
773,0.24765653908252716,0.9331199526786804,0.41040000319480896,,,5.0603766441345215
774,0.2314518541097641,0.9433799982070923,0.41019999980926514,,,8.618216514587402
775,0.2372303456068039,0.9400399923324585,0.41269999742507935,1247.3507080078125,143090.90625,5.695669651031494
776,0.22714141011238098,0.945360004901886,0.4138000011444092,,,6.768221378326416
777,0.23110724985599518,0.9426800012588501,0.4104999899864197,,,5.101970672607422
778,0.22723357379436493,0.9447799921035767,0.41099998354911804,,,6.283377170562744
779,0.2269485741853714,0.9449599981307983,0.413100004196167,,,5.345029830932617
780,0.22236910462379456,0.947219967842102,0.4132999777793884,1335.3797607421875,153556.515625,5.202054500579834
781,0.22379833459854126,0.9470799565315247,0.4107999801635742,,,4.712586402893066
782,0.22031842172145844,0.9479399919509888,0.412200003862381,,,5.0796895027160645
783,0.2199109047651291,0.9489799737930298,0.4129999876022339,,,4.295809745788574
784,0.2175750732421875,0.9494999647140503,0.41290000081062317,,,4.259903430938721
785,0.2167348861694336,0.9502999782562256,0.4098999798297882,1367.15380859375,163477.640625,3.9975733757019043
786,0.21547472476959229,0.9505199790000916,0.41110000014305115,,,3.9972593784332275
787,0.21406249701976776,0.9515399932861328,0.41290000081062317,,,3.7034809589385986
788,0.21273133158683777,0.9520799517631531,0.41189998388290405,,,3.444899559020996
789,0.21171963214874268,0.9528999924659729,0.4108999967575073,,,3.431502342224121
790,0.21017007529735565,0.9526799917221069,0.4120999872684479,1306.7152099609375,151562.0,3.2983245849609375
791,0.20957088470458984,0.9533599615097046,0.41259998083114624,,,2.810114860534668
792,0.2083347886800766,0.9537799954414368,0.4113999903202057,,,2.882840394973755
793,0.2073114663362503,0.9546799659729004,0.4105999767780304,,,2.6668343544006348
794,0.20671117305755615,0.9545599818229675,0.4131999909877777,,,2.5060031414031982
795,0.20556165277957916,0.9548199772834778,0.41359999775886536,1292.9908447265625,152552.03125,2.4655425548553467
796,0.2049293965101242,0.9552399516105652,0.4113999903202057,,,2.162126064300537
797,0.20362545549869537,0.9559399485588074,0.4097999930381775,,,2.3121984004974365
798,0.203365296125412,0.9558999538421631,0.41269999742507935,,,1.878115177154541
799,0.20202720165252686,0.9562599658966064,0.41259998083114624,,,2.0612175464630127
800,0.20195822417736053,0.9561599493026733,0.4107999801635742,1343.766357421875,164285.4375,1.6288865804672241
801,0.20011253654956818,0.9570599794387817,0.4106999933719635,,,2.0126237869262695
802,0.20070676505565643,0.9567599892616272,0.4122999906539917,,,1.2089669704437256
803,0.19859157502651215,0.957539975643158,0.4120999872684479,,,1.9096184968948364
804,0.19939638674259186,0.9571999907493591,0.4097999930381775,,,0.8963892459869385
805,0.19732265174388885,0.9578399658203125,0.4108999967575073,1339.0546875,165702.796875,1.8938673734664917
806,0.19781745970249176,0.9574999809265137,0.41179999709129333,,,0.8301978707313538
807,0.1961437463760376,0.9582599997520447,0.4114999771118164,,,1.6005475521087646
808,0.1963941603899002,0.9583799839019775,0.41009998321533203,,,0.7451103329658508
809,0.19515663385391235,0.9589799642562866,0.4097999930381775,,,1.4774513244628906
810,0.19483529031276703,0.9589399695396423,0.412200003862381,1338.279052734375,169614.390625,0.8811751008033752
811,0.19418646395206451,0.9591599702835083,0.4106999933719635,,,1.1261811256408691
812,0.19334745407104492,0.9594399929046631,0.4107999801635742,,,1.062241792678833
813,0.19315019249916077,0.9597399830818176,0.4099999964237213,,,0.7540580034255981
814,0.192082479596138,0.9596399664878845,0.4108999967575073,,,1.134303092956543
815,0.1919352114200592,0.9600399732589722,0.41099998354911804,1372.474609375,178623.09375,0.5644298195838928
816,0.19097624719142914,0.960319995880127,0.41029998660087585,,,1.0433812141418457
817,0.19066491723060608,0.9602999687194824,0.41099998354911804,,,0.592659056186676
818,0.1898997724056244,0.9604799747467041,0.4114999771118164,,,0.8601452708244324
819,0.18936562538146973,0.9606999754905701,0.4105999767780304,,,0.6245874762535095
820,0.18886564671993256,0.9609599709510803,0.4107999801635742,1369.68017578125,182368.21875,0.623364269733429
821,0.18815483152866364,0.9608999490737915,0.4105999767780304,,,0.7337520718574524
822,0.18770329654216766,0.9614599943161011,0.4105999767780304,,,0.4635743200778961
823,0.18705032765865326,0.9616199731826782,0.4108999967575073,,,0.6997063755989075
824,0.18649232387542725,0.9615599513053894,0.4105999767780304,,,0.46548959612846375
825,0.1859513521194458,0.9618799686431885,0.41040000319480896,1390.763427734375,189875.140625,0.5448487401008606
826,0.18531851470470428,0.9623199701309204,0.4099999964237213,,,0.5515197515487671
827,0.18482054769992828,0.9621599912643433,0.4104999899864197,,,0.3920734226703644
828,0.18419592082500458,0.9623399972915649,0.41019999980926514,,,0.5636160969734192
829,0.1836295872926712,0.9626999497413635,0.40959998965263367,,,0.36578136682510376
830,0.18310080468654633,0.9629199504852295,0.41019999980926514,1403.646728515625,197060.34375,0.415294349193573
831,0.1824970245361328,0.9631399512290955,0.4104999899864197,,,0.45832347869873047
832,0.1819489598274231,0.963379979133606,0.4096999764442444,,,0.3357367217540741
833,0.18140743672847748,0.9635599851608276,0.41009998321533203,,,0.4474109709262848
834,0.1808212548494339,0.9635399580001831,0.4097999930381775,,,0.46371322870254517
835,0.180389866232872,0.9638800024986267,0.41019999980926514,1399.6868896484375,200180.65625,0.48546141386032104
836,0.18000195920467377,0.963979959487915,0.4089999794960022,,,0.6841213703155518
837,0.18010960519313812,0.9637999534606934,0.4107999801635742,,,0.9839732646942139
838,0.1815505027770996,0.9625399708747864,0.4098999798297882,,,1.6786205768585205
839,0.1885031908750534,0.9589599967002869,0.4105999767780304,,,2.9935269355773926
840,0.21237801015377045,0.9453199505805969,0.4059000015258789,1994.3018798828125,301275.0625,5.332730770111084
841,0.349245548248291,0.8963599801063538,0.4075999855995178,,,11.049640655517578
842,0.5183855295181274,0.8529199957847595,0.3928999900817871,,,21.603513717651367
843,0.5360254049301147,0.8536999821662903,0.4047999978065491,,,35.32160568237305
844,0.3287416398525238,0.9033799767494202,0.4132999777793884,,,28.654550552368164
845,0.47155192494392395,0.8520399928092957,0.39809998869895935,1930.7442626953125,224841.96875,16.25299072265625
846,0.25502511858940125,0.9250399470329285,0.4148999750614166,,,28.14111328125
847,0.35430851578712463,0.8941999673843384,0.4075999855995178,,,10.749326705932617
848,0.2617691457271576,0.9228599667549133,0.409199982881546,,,17.78689193725586
849,0.3043237030506134,0.9031999707221985,0.4048999845981598,,,10.939728736877441
850,0.2285843938589096,0.9384799599647522,0.41179999709129333,1405.2197265625,141357.15625,15.91114330291748
851,0.2582007050514221,0.924519956111908,0.40849998593330383,,,8.02752685546875
852,0.24334779381752014,0.9326799511909485,0.4131999909877777,,,10.966523170471191
853,0.21571986377239227,0.9427399635314941,0.4107999801635742,,,9.422586441040039
854,0.2525334656238556,0.9256999492645264,0.4034000039100647,,,6.652419090270996
855,0.20007745921611786,0.9523199796676636,0.40849998593330383,1344.6492919921875,135027.65625,12.177454948425293
856,0.23924915492534637,0.932379961013794,0.4098999798297882,,,4.527085304260254
857,0.19910451769828796,0.9521399736404419,0.41189998388290405,,,9.789288520812988
858,0.2157994508743286,0.9423399567604065,0.40639999508857727,,,4.718555450439453
859,0.20091986656188965,0.9513399600982666,0.4099999964237213,,,8.234563827514648
860,0.19765333831310272,0.9526399970054626,0.41189998388290405,1261.552978515625,126159.3046875,5.753462791442871
861,0.20760531723499298,0.9474799633026123,0.41099998354911804,,,4.912646770477295
862,0.1866074800491333,0.9575999975204468,0.4132999777793884,,,6.724428176879883
863,0.20197002589702606,0.9497999548912048,0.4120999872684479,,,2.712801933288574
864,0.18561166524887085,0.958899974822998,0.41279998421669006,,,6.461089134216309
865,0.1915789097547531,0.9562199711799622,0.41029998660087585,1256.1572265625,128837.8671875,3.0818727016448975
866,0.18745727837085724,0.9580000042915344,0.40950000286102295,,,4.623414516448975
867,0.18213117122650146,0.9600600004196167,0.41019999980926514,,,4.149731636047363
868,0.18813148140907288,0.9567599892616272,0.41029998660087585,,,2.711350202560425
869,0.1775289624929428,0.9632599949836731,0.40939998626708984,,,4.815041542053223
870,0.18575738370418549,0.9587000012397766,0.41019999980926514,1257.6463623046875,130713.7421875,1.5471316576004028
871,0.17606619000434875,0.9634199738502502,0.4107999801635742,,,4.256610870361328
872,0.17973539233207703,0.9607200026512146,0.40939998626708984,,,2.0487921237945557
873,0.1771782636642456,0.9616599678993225,0.4092999994754791,,,3.2919111251831055
874,0.17455321550369263,0.9637999534606934,0.4104999899864197,,,2.9616434574127197
875,0.17728184163570404,0.9630199670791626,0.41040000319480896,1257.864990234375,133623.234375,2.078712224960327
876,0.1709403097629547,0.9656999707221985,0.41179999709129333,,,3.2333767414093018
877,0.1755252480506897,0.9633999466896057,0.4098999798297882,,,1.0461729764938354
878,0.17042581737041473,0.9660599827766418,0.4107999801635742,,,2.9957377910614014
879,0.17154444754123688,0.965719997882843,0.41119998693466187,,,1.451346755027771
880,0.17076461017131805,0.9658199548721313,0.4104999899864197,1246.3154296875,136128.84375,2.1156725883483887
881,0.16837087273597717,0.9663599729537964,0.41099998354911804,,,2.1114563941955566
882,0.170123890042305,0.9654600024223328,0.4087999761104584,,,1.2007049322128296
883,0.16679464280605316,0.9670799970626831,0.4098999798297882,,,2.300422430038452
884,0.16828610002994537,0.9668599963188171,0.4098999798297882,,,0.8101428151130676
885,0.16595667600631714,0.9674199819564819,0.41099998354911804,1251.43896484375,141547.4375,2.021749496459961
886,0.16635771095752716,0.9670199751853943,0.409199982881546,,,1.0015678405761719
887,0.16522833704948425,0.9674199819564819,0.4088999927043915,,,1.6549650430679321
888,0.16462281346321106,0.9677599668502808,0.4105999767780304,,,1.2327368259429932
889,0.16432252526283264,0.9678199887275696,0.4092999994754791,,,1.2603205442428589
890,0.16326670348644257,0.9680599570274353,0.4080999791622162,1280.0411376953125,148447.6875,1.336350679397583
891,0.16327734291553497,0.9680599570274353,0.4089999794960022,,,0.9885541200637817
892,0.16210003197193146,0.968459963798523,0.4096999764442444,,,1.3533940315246582
893,0.16211117804050446,0.9684999585151672,0.40959998965263367,,,0.7779422402381897
894,0.1610763818025589,0.9691999554634094,0.4081999957561493,,,1.2539403438568115
895,0.16099344193935394,0.9688199758529663,0.4087999761104584,1287.927978515625,153292.296875,0.6272727847099304
896,0.16003872454166412,0.9692999720573425,0.4087999761104584,,,1.1903784275054932
897,0.15996508300304413,0.9694799780845642,0.4096999764442444,,,0.5304340124130249
898,0.15899381041526794,0.9696599841117859,0.4090999960899353,,,1.1042536497116089
899,0.15900364518165588,0.9695599675178528,0.4090999960899353,,,0.40505534410476685
900,0.15798059105873108,0.9697799682617188,0.4098999798297882,1287.109619140625,157028.0,1.049519658088684
901,0.157993346452713,0.9701199531555176,0.41029998660087585,,,0.33165308833122253
902,0.15705257654190063,0.9702399969100952,0.4096999764442444,,,0.961554765701294
903,0.15696750581264496,0.9702799916267395,0.409199982881546,,,0.3184732496738434
904,0.15616224706172943,0.9704999923706055,0.40950000286102295,,,0.8628937005996704
905,0.15595240890979767,0.9706599712371826,0.4090999960899353,1286.2452392578125,160607.125,0.3309711515903473
906,0.15527859330177307,0.9708999991416931,0.40959998965263367,,,0.7474243640899658
907,0.154976487159729,0.9709199666976929,0.4088999927043915,,,0.34034886956214905
908,0.15437716245651245,0.9713799953460693,0.4090999960899353,,,0.6709960699081421
909,0.1540277600288391,0.9711599946022034,0.4087999761104584,,,0.3313155174255371
910,0.15346087515354156,0.9715399742126465,0.40959998965263367,1303.232666015625,167210.71875,0.583864152431488
911,0.15311706066131592,0.9714799523353577,0.40849998593330383,,,0.2899249494075775
912,0.15254661440849304,0.971519947052002,0.4087999761104584,,,0.5476471185684204
913,0.1522006094455719,0.9716799855232239,0.40829998254776,,,0.252065509557724
914,0.15164540708065033,0.972059965133667,0.40869998931884766,,,0.49714672565460205
915,0.15128672122955322,0.9722599983215332,0.40829998254776,1314.3843994140625,173230.875,0.2391839176416397
916,0.15075494349002838,0.9722599983215332,0.4083999991416931,,,0.44586947560310364
917,0.15036100149154663,0.972279965877533,0.40869998931884766,,,0.2525847554206848
918,0.1498796045780182,0.9725599884986877,0.40849998593330383,,,0.37639716267585754
919,0.14944195747375488,0.9727999567985535,0.4083999991416931,,,0.28961995244026184
920,0.1489952653646469,0.9727399945259094,0.40849998593330383,1317.834228515625,178103.3125,0.3144935667514801
921,0.1485319435596466,0.972879946231842,0.4080999791622162,,,0.31554388999938965
922,0.1481054723262787,0.9731599688529968,0.40829998254776,,,0.25248295068740845
923,0.14762943983078003,0.9732799530029297,0.40860000252723694,,,0.31860899925231934
924,0.14721202850341797,0.973360002040863,0.40829998254776,,,0.1999514251947403
925,0.14673395454883575,0.9736999869346619,0.40779998898506165,1329.7537841796875,184383.0625,0.3128098249435425
926,0.14631234109401703,0.9736199975013733,0.40779998898506165,,,0.16440317034721375
927,0.1458444446325302,0.9736999869346619,0.4080999791622162,,,0.28722620010375977
928,0.14540553092956543,0.973859965801239,0.40789997577667236,,,0.17768451571464539
929,0.1449555605649948,0.9740599989891052,0.407399982213974,,,0.2316981554031372
930,0.14450182020664215,0.9741799831390381,0.4075999855995178,1339.0072021484375,190569.296875,0.20223906636238098
931,0.1440601944923401,0.974299967288971,0.4074999988079071,,,0.17891021072864532
932,0.14360088109970093,0.9745199680328369,0.4077000021934509,,,0.20174674689769745
933,0.14316056668758392,0.9745399951934814,0.4074999988079071,,,0.1512574404478073
934,0.14270149171352386,0.9746999740600586,0.407399982213974,,,0.18959344923496246
935,0.1422562301158905,0.9749199748039246,0.407399982213974,1348.685302734375,196926.8125,0.14154942333698273
936,0.14180214703083038,0.9750799536705017,0.4077000021934509,,,0.1655406951904297
937,0.14135119318962097,0.9752199649810791,0.40699997544288635,,,0.1578872799873352
938,0.14089973270893097,0.9753599762916565,0.40709999203681946,,,0.143471822142601
939,0.14044766128063202,0.9754999876022339,0.40709999203681946,,,0.1592375785112381
940,0.1399984061717987,0.9755799770355225,0.40699997544288635,1360.218017578125,203832.828125,0.15519729256629944
941,0.13955385982990265,0.9757199883460999,0.40709999203681946,,,0.19517478346824646
942,0.13912762701511383,0.9758399724960327,0.4066999852657318,,,0.24804186820983887
943,0.1387588530778885,0.9759399890899658,0.407399982213974,,,0.36392831802368164
944,0.13857008516788483,0.9762399792671204,0.4071999788284302,,,0.5994787216186523
945,0.13900655508041382,0.975600004196167,0.4083999991416931,1392.819580078125,213009.40625,1.0324376821517944
946,0.14162778854370117,0.9747999906539917,0.4072999954223633,,,1.850616693496704
947,0.15379536151885986,0.9677199721336365,0.40639999508857727,,,3.4904520511627197
948,0.21012771129608154,0.9396399855613708,0.40219998359680176,,,6.964148998260498
949,0.4786060154438019,0.8664799928665161,0.39980000257492065,,,15.79067611694336
950,0.5454517006874084,0.8495199680328369,0.38929998874664307,2036.187255859375,283161.21875,30.507232666015625
951,0.4095982313156128,0.8793999552726746,0.4080999791622162,,,35.99003601074219
952,0.5645695924758911,0.8431199789047241,0.39010000228881836,,,25.974308013916016
953,0.2742161154747009,0.9167799949645996,0.4083999991416931,,,31.800168991088867
954,0.446087121963501,0.8650599718093872,0.4016000032424927,,,18.506898880004883
955,0.27500152587890625,0.9150799512863159,0.4096999764442444,1959.9969482421875,174377.8125,26.093669891357422
956,0.42166584730148315,0.8699399828910828,0.40049999952316284,,,18.42389488220215
957,0.2555650472640991,0.9218199849128723,0.40629997849464417,,,24.701303482055664
958,0.3281650245189667,0.8955999612808228,0.40549999475479126,,,15.561864852905273
959,0.2585228383541107,0.9166399836540222,0.4105999767780304,,,20.395591735839844
960,0.22596856951713562,0.9364999532699585,0.41099998354911804,1274.636474609375,121969.96875,14.969101905822754
961,0.3036547601222992,0.9047399759292603,0.4016000032424927,,,11.65634822845459
962,0.16815124452114105,0.9610799551010132,0.40779998898506165,,,17.478273391723633
963,0.2716010510921478,0.9120599627494812,0.40699997544288635,,,5.347704887390137
964,0.20309771597385406,0.9426599740982056,0.41169998049736023,,,15.599468231201172
965,0.18449294567108154,0.9524399638175964,0.4097999930381775,1417.56982421875,126080.203125,9.966224670410156
966,0.2486792355775833,0.925059974193573,0.39969998598098755,,,7.619165897369385
967,0.15745002031326294,0.9664199948310852,0.4115999937057495,,,14.255922317504883
968,0.21616339683532715,0.9361400008201599,0.4105999767780304,,,4.320123672485352
969,0.19231221079826355,0.9467599987983704,0.4075999855995178,,,11.066402435302734
970,0.16033528745174408,0.9645400047302246,0.4089999794960022,1415.904296875,121385.109375,10.358556747436523
971,0.20707103610038757,0.9426199793815613,0.406499981880188,,,4.913728713989258
972,0.15985709428787231,0.9654199481010437,0.41169998049736023,,,10.75732135772705
973,0.16687265038490295,0.959559977054596,0.4096999764442444,,,5.161349773406982
974,0.18142196536064148,0.9535199999809265,0.4083999991416931,,,7.008758544921875
975,0.15060772001743317,0.9697199463844299,0.413100004196167,1367.5916748046875,120653.15625,8.63360595703125
976,0.1630219668149948,0.9638599753379822,0.4088999927043915,,,4.148548603057861
977,0.16705499589443207,0.9625599980354309,0.40789997577667236,,,5.947423934936523
978,0.14348053932189941,0.972879946231842,0.41179999709129333,,,7.234926700592041
979,0.166732519865036,0.9615999460220337,0.4092999994754791,,,2.1326310634613037
980,0.1503085494041443,0.9692999720573425,0.41169998049736023,1404.617431640625,124079.6328125,7.203470706939697
981,0.14491498470306396,0.9727399945259094,0.4099999964237213,,,4.628025531768799
982,0.15759442746639252,0.9665199518203735,0.4081999957561493,,,3.1558315753936768
983,0.14218416810035706,0.9736599922180176,0.41040000319480896,,,5.853626251220703
984,0.1444670557975769,0.972879946231842,0.4088999927043915,,,2.8622212409973145
985,0.14898276329040527,0.9704799652099609,0.4089999794960022,1379.246337890625,131355.515625,3.596940040588379
986,0.1387655884027481,0.9753599762916565,0.4136999845504761,,,4.710258483886719
987,0.14229892194271088,0.973639965057373,0.41029998660087585,,,2.232213020324707
988,0.14367598295211792,0.9737399816513062,0.40799999237060547,,,3.2977848052978516
989,0.13522720336914062,0.9760399460792542,0.4096999764442444,,,3.7660303115844727
990,0.14041177928447723,0.9742400050163269,0.4122999906539917,1328.1556396484375,126011.3125,1.4008946418762207
991,0.13819150626659393,0.9754199981689453,0.4114999771118164,,,3.0941057205200195
992,0.13361670076847076,0.9770399928092957,0.41259998083114624,,,2.6813511848449707
993,0.13805747032165527,0.9756199717521667,0.4098999798297882,,,1.2481430768966675
994,0.13438180088996887,0.9768799543380737,0.4097999930381775,,,2.934720993041992
995,0.1325204223394394,0.9771199822425842,0.4113999903202057,1146.7286376953125,123970.4765625,2.062502384185791
996,0.13523447513580322,0.976699948310852,0.41099998354911804,,,1.4171086549758911
997,0.1317010372877121,0.9779199957847595,0.40959998965263367,,,2.6326866149902344
998,0.13125790655612946,0.9777799844741821,0.41130000352859497,,,1.5709773302078247
999,0.13278771936893463,0.9770799875259399,0.40950000286102295,,,1.4653997421264648
